{
  "Total" : {
    "transaction" : "Total",
    "sampleCount" : 261,
    "errorCount" : 0,
    "errorPct" : 0.0,
    "meanResTime" : 78.03831417624521,
    "medianResTime" : 42.0,
    "minResTime" : 38.0,
    "maxResTime" : 252.0,
    "pct1ResTime" : 182.0,
    "pct2ResTime" : 185.0,
    "pct3ResTime" : 191.51999999999998,
    "throughput" : 5.3155740208957045,
    "receivedKBytesPerSec" : 11.36114844911509,
    "sentKBytesPerSec" : 3.1664642777132848
  },
  "01_tokenCreate_登录" : {
    "transaction" : "01_tokenCreate_登录",
    "sampleCount" : 50,
    "errorCount" : 0,
    "errorPct" : 0.0,
    "meanResTime" : 183.35999999999999,
    "medianResTime" : 182.0,
    "minResTime" : 176.0,
    "maxResTime" : 252.0,
    "pct1ResTime" : 189.0,
    "pct2ResTime" : 191.79999999999998,
    "pct3ResTime" : 252.0,
    "throughput" : 1.0218470908013326,
    "receivedKBytesPerSec" : 3.0036716243281356,
    "sentKBytesPerSec" : 0.4680139507674072
  },
  "03_products_variants_商品变体查询" : {
    "transaction" : "03_products_variants_商品变体查询",
    "sampleCount" : 199,
    "errorCount" : 0,
    "errorPct" : 0.0,
    "meanResTime" : 49.2060301507538,
    "medianResTime" : 41.0,
    "minResTime" : 38.0,
    "maxResTime" : 89.0,
    "pct1ResTime" : 76.0,
    "pct2ResTime" : 79.0,
    "pct3ResTime" : 86.0,
    "throughput" : 4.052870613633123,
    "receivedKBytesPerSec" : 8.23326854341052,
    "sentKBytesPerSec" : 2.5680882899533617
  },
  "04_checkoutCreate_创建Checkout" : {
    "transaction" : "04_checkoutCreate_创建Checkout",
    "sampleCount" : 12,
    "errorCount" : 0,
    "errorPct" : 0.0,
    "meanResTime" : 117.33333333333334,
    "medianResTime" : 116.0,
    "minResTime" : 112.0,
    "maxResTime" : 129.0,
    "pct1ResTime" : 128.1,
    "pct2ResTime" : 129.0,
    "pct3ResTime" : 129.0,
    "throughput" : 0.2720594903418881,
    "receivedKBytesPerSec" : 0.14984526616486807,
    "sentKBytesPerSec" : 0.14692275210846106
  }
}